"Ano Mês Dia Inicio Sint";"Aricanduva/Formosa/Carrão";"Butantã";"Campo Limpo";"Capela do Socorro";"Casa Verde/Cachoeirinha";"Cidade Ademar";"Cidade Tiradentes";"Ermelino Matarazzo";"Freguesia/Brasilândia";"Guaianases";"Ipiranga";"Itaim Paulista";"Itaquera";"Jabaquara";"Jaçanã/Tremembé";"Lapa";"M'Boi Mirim";"Mooca";"Parelheiros";"Penha";"Perus";"Pinheiros";"Pirituba";"Santana/Tucuruvi";"Santo Amaro";"São Mateus";"São Miguel";"Sapopemba";"Sé";"Vila Maria/Vila Guilherme";"Vila Mariana";"Vila Prudente";"Ign";"Total"
"02/01/2020";-;-;-;-;-;-;-;-;-;-;-;-;-;-;-;-;-;-;-;-;-;-;-;-;-;-;-;-;-;-;-;-;1;1
"06/01/2020";-;-;-;-;-;-;-;-;-;-;-;-;-;-;-;-;-;-;-;-;-;-;-;-;-;-;-;-;1;-;-;-;-;1
"20/01/2020";-;-;-;-;-;-;-;-;-;-;-;-;-;-;-;-;-;-;-;-;-;-;-;-;-;-;1;-;-;-;-;-;-;1
"29/01/2020";-;-;-;-;-;-;1;-;-;-;-;-;-;-;-;-;-;-;-;-;-;-;-;-;-;-;-;-;-;-;-;-;-;1
"05/02/2020";-;-;-;-;-;-;-;-;-;-;-;-;1;-;-;-;-;-;-;-;-;-;-;-;-;-;-;-;-;-;-;-;-;1
"15/02/2020";-;-;-;-;-;-;-;-;1;-;-;-;-;-;-;-;-;-;-;-;-;-;-;-;-;-;-;-;-;-;-;-;-;1
"01/03/2020";-;-;-;-;-;-;-;-;-;-;-;-;-;-;-;-;-;-;-;-;-;-;-;-;-;-;-;-;-;1;-;-;-;1
"06/03/2020";-;-;-;-;-;1;-;-;-;-;-;-;-;-;1;-;-;-;-;-;-;-;-;-;-;-;-;-;-;-;-;-;-;2
"07/03/2020";-;-;-;-;-;-;-;-;-;-;-;-;-;-;-;-;-;-;-;-;-;-;-;-;-;-;-;-;1;-;-;-;-;1
"11/03/2020";-;-;-;-;-;-;-;-;-;-;-;-;-;-;-;-;-;-;-;-;-;-;-;-;-;-;-;-;-;-;-;-;2;2
"12/03/2020";-;-;-;-;-;-;-;-;-;-;-;-;1;-;1;-;-;-;-;-;-;-;-;-;-;-;-;-;2;1;-;-;1;6
"13/03/2020";-;-;-;-;-;-;1;-;-;-;-;-;-;-;-;-;-;-;-;-;-;1;-;-;-;-;-;-;1;-;-;-;4;7
"14/03/2020";-;1;-;-;-;-;-;-;-;-;-;-;1;-;-;1;-;-;-;-;-;-;-;-;-;-;-;-;2;-;-;-;1;6
"15/03/2020";1;-;-;-;-;-;-;1;1;-;-;-;-;-;-;-;-;-;-;-;-;1;-;-;-;-;-;-;1;-;-;-;2;7
"16/03/2020";-;2;-;-;-;-;-;-;-;-;-;-;2;-;-;-;-;-;-;-;-;-;-;1;-;-;-;-;2;-;1;-;2;10
"17/03/2020";-;-;-;1;1;-;-;-;-;-;-;-;3;-;-;1;-;-;-;1;-;-;-;-;-;-;-;-;3;-;-;1;3;14
"18/03/2020";-;-;-;-;-;1;-;-;1;-;-;-;1;1;-;-;1;2;-;2;-;-;-;1;1;-;-;-;3;-;-;1;3;18
"19/03/2020";1;-;2;-;1;-;-;2;1;-;-;1;4;-;-;1;-;-;-;2;-;-;1;-;-;-;-;1;5;-;3;-;3;28
"20/03/2020";-;1;-;1;-;2;-;-;-;-;2;1;-;1;1;1;-;1;-;1;-;2;1;-;-;1;-;-;1;-;6;2;5;30
"21/03/2020";1;1;1;-;-;1;-;-;-;1;2;1;-;4;1;-;-;-;-;1;-;-;1;-;-;-;-;-;-;1;1;-;1;18
"22/03/2020";-;1;-;-;-;-;-;-;-;-;2;1;1;-;-;-;-;1;-;-;-;1;-;-;-;-;-;-;1;-;2;-;-;10
"23/03/2020";1;-;2;-;-;2;-;3;-;1;4;1;8;2;3;-;1;2;-;5;1;1;-;2;1;2;3;3;2;2;4;1;4;61
"24/03/2020";-;-;2;1;-;1;2;-;1;-;1;1;7;-;-;1;1;3;-;1;1;1;2;2;-;1;-;1;4;-;3;3;1;41
"25/03/2020";1;1;2;2;1;2;-;-;1;3;-;-;6;3;3;-;1;-;1;5;-;-;1;4;1;1;1;1;1;1;4;4;5;56
"26/03/2020";1;1;1;1;2;-;-;1;-;1;1;-;6;1;-;1;2;1;-;4;1;-;-;-;1;-;2;2;2;-;1;2;5;40
"27/03/2020";2;13;13;4;4;7;2;5;4;5;13;6;8;4;2;8;6;4;2;10;1;32;5;2;10;5;4;2;17;2;19;2;104;327
"28/03/2020";1;22;19;13;2;5;5;1;4;4;3;7;3;9;1;8;6;5;3;5;3;16;7;5;6;4;3;1;11;-;15;1;84;282
"29/03/2020";5;11;7;3;1;1;-;1;-;1;-;1;3;4;3;2;3;2;1;6;1;13;1;-;3;2;-;2;5;2;11;3;43;141
"30/03/2020";2;15;16;9;7;4;1;3;5;2;15;7;12;9;1;11;12;7;-;6;5;23;7;12;13;7;5;5;16;3;21;6;28;295
"31/03/2020";5;40;23;6;7;8;6;2;5;6;13;4;16;5;5;7;7;6;-;8;2;10;6;11;5;4;2;8;13;2;13;5;25;285
"01/04/2020";4;32;36;15;10;14;6;3;4;4;19;6;17;5;10;5;25;10;9;19;5;18;5;9;20;11;9;9;27;6;21;10;36;439
"02/04/2020";4;23;19;9;10;11;6;4;8;8;14;4;30;5;4;10;16;6;1;22;-;12;10;8;6;21;4;7;10;5;20;5;33;355
"03/04/2020";10;29;20;7;4;11;6;4;11;8;30;18;37;7;10;13;20;8;1;31;2;12;11;11;13;26;14;8;13;9;17;8;34;463
"04/04/2020";5;12;15;5;5;7;3;3;5;7;13;6;12;2;4;9;6;6;1;12;2;10;8;7;4;22;3;6;13;4;22;1;12;252
"05/04/2020";3;24;7;5;4;3;1;2;1;4;5;5;13;1;1;4;9;6;1;11;1;7;2;1;1;9;7;1;8;4;7;3;10;171
"06/04/2020";13;23;27;16;9;9;18;5;12;17;35;13;47;10;16;13;38;16;5;30;8;20;13;19;9;42;16;25;28;4;24;21;37;638
"07/04/2020";12;23;40;13;14;17;16;5;15;17;15;24;52;11;15;14;31;15;8;21;4;31;9;18;7;37;10;15;40;6;31;11;47;644
"08/04/2020";10;35;52;17;11;8;15;8;7;22;24;25;41;8;12;13;27;16;5;37;3;29;10;23;14;25;12;11;31;17;23;13;48;652
"09/04/2020";7;29;35;15;6;5;13;10;11;8;24;15;49;10;12;16;16;16;5;36;3;10;10;10;13;23;11;12;25;7;18;11;36;527
"10/04/2020";5;14;23;6;8;2;7;6;4;7;12;9;6;5;7;11;7;6;-;16;3;18;1;8;4;9;5;3;13;9;16;7;26;283
"11/04/2020";9;27;12;7;2;7;5;3;1;7;15;6;19;2;6;5;9;6;1;20;2;14;4;7;4;16;3;9;6;7;9;7;14;271
"12/04/2020";1;8;10;5;5;2;7;2;3;1;9;6;5;-;6;-;7;2;2;16;2;2;1;4;-;10;2;5;5;1;2;3;15;149
"13/04/2020";11;32;40;21;14;17;29;8;16;16;31;24;63;12;13;21;45;14;8;56;6;26;16;12;12;48;17;24;30;9;28;20;62;801
"14/04/2020";12;31;37;34;23;17;13;10;23;11;25;31;51;15;9;11;50;23;9;47;5;33;16;9;9;40;16;24;28;10;30;12;62;776
"15/04/2020";14;30;46;36;23;17;12;10;23;14;31;13;75;10;19;18;44;31;9;52;2;18;12;13;14;55;14;17;25;11;21;10;46;785
"16/04/2020";12;40;46;31;15;23;16;11;24;17;28;19;47;15;17;8;31;18;7;23;7;20;15;10;7;43;19;19;40;12;20;11;74;745
"17/04/2020";11;41;45;20;13;18;13;12;36;14;30;24;48;6;15;27;34;27;6;38;1;24;16;12;17;29;11;29;30;11;24;14;51;747
"18/04/2020";5;15;16;9;10;9;9;5;12;7;10;11;21;7;7;9;21;3;4;16;7;20;5;3;7;19;10;10;15;6;9;4;39;360
"19/04/2020";1;8;16;12;7;8;2;-;4;2;7;3;4;2;3;1;23;3;1;10;2;1;4;2;2;10;6;8;7;-;6;5;15;185
"20/04/2020";14;45;61;25;13;22;8;10;16;11;26;12;43;15;19;21;53;25;11;37;5;17;10;15;13;35;12;10;37;9;26;12;77;765
"21/04/2020";8;12;30;25;8;6;3;4;7;2;11;10;29;7;8;4;31;7;4;23;1;8;7;6;3;15;7;5;18;7;10;6;27;359
"22/04/2020";11;23;66;28;14;19;11;7;23;13;20;25;43;9;11;8;36;16;5;42;6;7;11;7;9;29;14;22;24;6;9;5;31;610
"23/04/2020";9;35;49;32;13;17;18;8;25;19;33;20;37;14;16;19;35;16;11;51;3;14;16;17;9;37;22;15;17;7;21;12;75;742
"24/04/2020";26;62;90;40;16;32;30;22;33;27;61;31;71;25;32;34;55;45;13;67;8;35;25;26;26;48;32;22;52;17;52;23;98;1276
"25/04/2020";10;23;36;46;7;17;10;13;14;13;28;13;31;8;6;19;44;12;8;30;6;13;8;9;8;19;8;14;20;13;30;10;43;589
"26/04/2020";4;10;19;16;6;13;2;8;6;10;14;12;28;8;6;2;34;7;4;16;7;5;5;8;2;9;12;11;15;6;10;6;26;347
"27/04/2020";25;76;138;50;25;31;29;12;37;26;60;35;80;22;24;31;84;32;7;73;9;43;31;13;27;45;34;32;55;15;36;28;108;1373
"28/04/2020";20;57;104;47;27;40;18;14;37;24;52;34;79;22;33;54;92;38;13;52;18;108;23;20;41;51;27;32;51;13;68;30;119;1458
"29/04/2020";18;87;98;53;26;33;15;21;45;23;58;23;60;21;35;40;96;26;16;61;7;78;33;20;35;52;29;12;55;15;69;23;113;1396
"30/04/2020";17;49;66;68;20;43;10;13;38;25;57;43;64;20;32;29;61;26;14;53;8;34;24;17;27;43;31;24;44;16;41;14;145;1216
"01/05/2020";9;35;53;45;17;20;4;11;18;13;21;14;25;8;4;21;68;12;4;34;6;21;11;8;22;22;13;11;29;7;19;9;46;660
"02/05/2020";7;36;34;32;13;17;3;8;13;8;20;10;39;12;10;19;57;16;2;23;1;48;10;7;11;18;7;8;23;4;41;5;60;622
"03/05/2020";5;11;39;24;3;15;5;4;19;5;16;8;25;8;6;6;51;10;9;20;2;1;6;7;7;16;5;11;3;5;11;5;27;395
"04/05/2020";24;72;110;90;32;53;27;23;43;34;61;31;83;29;33;33;90;38;20;66;17;42;33;17;56;54;44;34;60;24;44;37;102;1556
"05/05/2020";22;66;106;88;26;56;16;31;35;32;46;35;72;32;26;29;82;37;19;74;8;68;48;15;42;41;29;30;51;16;39;18;113;1448
"06/05/2020";20;61;99;74;22;57;18;22;41;26;64;47;77;32;24;36;106;42;24;72;17;52;45;27;37;55;31;28;52;28;48;26;121;1531
"07/05/2020";29;54;96;59;23;58;21;16;38;37;42;34;62;33;30;25;117;32;17;48;7;36;30;17;35;35;26;33;60;18;47;10;127;1352
"08/05/2020";17;54;87;59;24;50;22;22;29;33;53;25;61;28;22;22;98;37;19;69;8;35;25;13;31;42;24;34;39;23;34;21;124;1284
"09/05/2020";13;30;52;37;9;31;14;10;13;13;23;10;33;5;14;6;38;18;7;40;5;18;14;12;21;15;12;19;26;10;21;9;43;641
"10/05/2020";6;14;32;38;3;11;4;11;15;7;12;15;15;5;4;6;36;3;5;22;7;4;5;5;5;16;7;13;4;6;7;5;20;368
"11/05/2020";12;51;82;77;22;37;20;27;18;17;46;28;43;22;24;21;49;28;18;59;4;31;17;12;12;35;33;17;18;20;32;11;33;976
"12/05/2020";29;93;134;129;26;77;40;29;50;51;88;55;89;54;41;46;93;45;25;81;18;57;43;34;38;61;40;41;60;32;76;41;90;1906
"13/05/2020";31;97;162;94;38;64;32;21;61;43;95;78;109;32;48;39;92;48;20;87;18;50;28;35;28;70;54;47;41;18;67;26;52;1825
"14/05/2020";36;118;180;111;41;79;37;36;58;39;69;61;96;43;32;63;95;67;21;79;15;123;41;30;34;71;59;42;76;26;80;42;73;2073
"15/05/2020";33;105;123;83;38;55;27;34;72;47;74;52;106;40;42;40;87;34;19;80;19;38;40;28;30;76;64;41;54;29;52;27;34;1723
"16/05/2020";31;36;51;67;18;33;10;17;23;16;34;34;45;10;18;25;51;20;16;41;6;28;16;11;24;36;32;13;26;16;19;7;18;848
"17/05/2020";5;14;50;26;6;14;12;4;9;2;15;12;23;7;5;2;29;4;9;24;8;4;10;8;4;28;12;14;6;11;9;5;25;416
"18/05/2020";35;92;151;108;45;74;50;58;82;73;74;70;113;57;46;38;100;46;19;112;23;74;65;22;41;90;58;43;67;50;67;46;44;2133
"19/05/2020";54;135;151;134;41;76;41;50;80;57;93;75;123;74;40;61;128;82;23;81;27;78;113;27;48;88;68;79;94;33;86;44;61;2445
"20/05/2020";34;92;151;125;52;72;35;40;46;45;61;62;99;81;39;56;131;42;37;81;26;54;71;24;36;76;70;58;67;39;46;29;55;2032
"21/05/2020";29;87;192;123;32;86;33;43;44;49;58;58;94;62;53;40;144;53;50;108;23;52;93;22;28;78;66;41;104;37;49;43;64;2138
"22/05/2020";32;99;196;124;37;66;29;41;76;75;73;76;123;64;51;57;172;44;22;113;37;53;96;26;48;101;81;54;72;46;77;50;81;2392
"23/05/2020";12;43;85;70;17;31;15;12;23;19;48;31;48;33;18;29;92;22;7;63;12;35;40;12;26;48;43;15;37;17;43;13;33;1092
"24/05/2020";7;6;53;29;13;14;5;15;11;14;13;18;36;11;8;11;57;16;7;43;11;12;15;9;7;36;16;12;9;16;15;6;13;564
"25/05/2020";42;87;217;129;36;88;43;31;76;46;86;77;123;94;58;42;189;59;24;121;26;47;90;18;47;107;61;66;65;28;56;41;59;2379
"26/05/2020";60;118;181;136;48;91;28;39;87;61;101;91;147;51;67;39;169;52;30;79;44;54;102;17;41;90;92;70;113;34;66;43;97;2538
"27/05/2020";53;127;251;154;48;112;36;62;108;64;136;75;175;65;76;70;185;92;34;170;42;69;103;40;79;125;89;62;288;47;103;57;99;3296
"28/05/2020";51;146;256;178;40;127;43;29;73;62;118;84;189;48;56;47;218;115;48;84;29;68;119;35;47;128;89;99;140;30;79;65;112;3052
"29/05/2020";56;128;231;169;36;105;50;42;89;65;145;79;131;47;69;64;152;88;40;115;24;87;92;39;51;109;88;86;126;33;256;59;99;3050
"30/05/2020";29;47;100;54;23;30;16;27;24;30;49;27;74;16;18;16;109;35;12;61;25;33;38;17;20;67;32;36;41;14;43;30;39;1232
"31/05/2020";17;28;88;40;15;17;13;13;14;13;35;15;38;16;16;13;71;18;10;34;10;15;19;8;17;43;20;19;16;21;20;17;35;784
"01/06/2020";87;123;283;239;59;135;70;68;99;119;143;94;203;65;69;58;255;120;54;119;32;53;149;49;54;144;109;131;84;72;112;80;171;3702
"02/06/2020";78;110;193;163;54;110;73;54;112;89;145;79;176;64;75;65;168;93;46;136;33;53;116;35;53;136;90;100;77;52;74;92;169;3163
"03/06/2020";67;110;242;151;63;108;60;59;79;80;110;112;174;43;65;51;171;86;43;140;50;42;124;47;43;116;84;101;74;50;56;68;139;3008
"04/06/2020";105;99;182;149;39;91;53;30;87;65;113;79;149;55;67;61;199;90;45;100;27;43;112;45;43;101;88;100;79;49;57;63;126;2791
"05/06/2020";52;79;161;124;45;94;39;31;79;70;110;85;189;49;59;39;159;82;38;106;26;56;111;45;43;100;72;78;178;53;66;68;112;2698
"06/06/2020";34;31;74;84;18;49;24;18;22;27;49;26;56;13;14;16;71;29;16;73;16;13;47;18;17;57;37;25;11;25;24;22;49;1105
"07/06/2020";6;17;32;38;17;14;8;15;22;13;17;35;49;13;17;10;38;16;12;41;16;9;17;7;20;18;34;5;14;18;10;12;33;643
"08/06/2020";85;125;252;200;91;117;69;69;92;108;127;145;198;52;65;44;213;94;54;156;48;69;122;44;59;199;92;109;81;67;57;89;119;3511
"09/06/2020";99;114;211;147;82;94;61;54;111;93;131;104;178;55;66;53;189;100;55;149;42;83;136;45;60;137;98;109;114;55;92;69;132;3318
"10/06/2020";49;89;209;169;90;86;63;45;102;73;111;92;157;52;80;50;189;64;34;148;27;54;138;53;46;120;67;100;119;43;55;77;98;2949
"11/06/2020";56;97;227;164;75;101;53;54;110;54;105;94;148;36;88;48;196;106;68;117;50;36;126;49;36;123;88;78;107;57;56;68;143;3014
"12/06/2020";82;123;179;154;76;128;34;50;100;66;116;122;192;44;91;64;150;101;43;128;25;47;135;52;42;111;87;83;206;69;96;89;109;3194
"13/06/2020";41;41;57;71;33;54;29;30;31;44;43;56;65;21;36;31;117;29;15;70;18;20;44;27;25;63;59;39;33;32;26;33;72;1405
"14/06/2020";7;17;36;45;18;15;11;9;11;16;29;37;43;6;8;23;62;14;10;26;10;14;21;9;7;39;9;21;26;25;13;11;24;672
"15/06/2020";113;169;238;261;105;119;64;103;131;85;158;143;250;58;92;96;233;147;51;227;46;66;216;149;51;185;153;119;132;108;80;94;166;4408
"16/06/2020";389;369;430;425;415;263;111;361;296;238;395;362;837;149;393;241;323;663;100;877;87;134;689;684;204;362;476;221;549;368;209;286;204;12110
"17/06/2020";67;82;158;143;45;81;46;44;80;49;150;105;168;27;81;59;151;89;33;130;50;43;110;55;48;122;93;111;67;42;52;71;144;2796
"18/06/2020";60;73;159;114;42;84;55;48;95;73;119;95;117;24;79;62;160;88;26;103;33;40;95;38;39;127;99;95;54;57;37;79;103;2572
"19/06/2020";57;120;157;134;70;126;55;40;96;75;109;87;158;43;87;62;136;70;37;121;33;60;107;50;50;107;88;89;72;36;47;68;209;2856
"20/06/2020";37;43;106;66;38;35;18;27;33;25;61;57;78;21;25;34;74;67;12;67;9;56;61;33;35;76;62;50;46;38;56;32;144;1622
"21/06/2020";9;28;45;41;15;16;9;19;25;19;25;36;35;20;9;12;62;30;6;34;19;22;22;11;13;26;39;18;18;22;13;14;35;767
"22/06/2020";85;114;283;198;86;110;53;67;106;102;138;137;207;58;98;87;212;83;37;165;51;75;152;52;60;169;113;118;82;80;71;103;236;3788
"23/06/2020";63;99;209;162;76;97;63;49;127;90;145;119;168;33;72;61;168;95;41;131;33;72;120;63;65;159;102;140;106;65;97;87;236;3413
"24/06/2020";83;95;158;181;67;84;54;48;95;75;138;101;176;33;57;66;143;79;32;118;30;44;126;52;45;149;96;91;51;70;64;67;100;2868
"25/06/2020";74;87;183;159;70;117;54;55;125;93;141;117;180;50;61;70;140;98;41;132;51;65;107;53;53;129;90;110;74;69;55;65;118;3086
"26/06/2020";51;73;188;155;74;97;44;48;97;72;118;90;174;36;76;52;136;77;24;121;32;51;98;49;45;127;121;83;58;57;53;71;82;2730
"27/06/2020";35;318;82;97;56;40;20;57;45;48;79;66;128;29;54;55;88;89;9;133;28;42;64;59;37;89;63;48;77;47;36;41;69;2228
"28/06/2020";17;24;39;43;25;21;12;18;20;18;122;49;54;5;23;14;48;38;6;57;8;15;51;38;20;37;32;17;35;23;12;16;24;981
"29/06/2020";88;146;237;206;90;120;59;70;134;104;192;144;235;70;91;79;187;121;39;166;38;60;130;100;82;149;159;130;110;74;62;109;89;3870
"30/06/2020";65;88;161;123;61;75;45;63;120;74;113;116;183;41;85;54;173;79;32;130;23;50;118;43;38;158;112;99;67;66;58;62;89;2864
"01/07/2020";72;65;128;135;57;81;26;50;94;77;96;98;140;39;64;46;169;79;44;116;38;50;82;50;52;140;86;81;67;38;52;66;110;2588
"02/07/2020";71;60;166;185;72;89;62;53;95;60;100;109;172;54;69;54;152;77;35;150;43;51;98;59;55;128;102;86;65;77;40;51;109;2849
"03/07/2020";69;87;156;127;79;93;56;70;120;58;124;126;172;51;66;112;120;276;30;176;35;35;124;48;38;139;108;86;106;67;52;66;118;3190
"04/07/2020";27;64;74;71;25;41;18;31;29;35;46;63;80;10;39;20;85;58;14;83;15;23;51;17;22;67;58;45;37;33;25;20;68;1394
"05/07/2020";13;16;53;42;18;21;13;21;19;27;26;45;57;14;16;11;39;21;9;35;22;20;27;17;15;39;33;17;24;38;16;20;31;835
"06/07/2020";82;103;197;191;64;108;49;102;130;134;151;142;227;43;85;62;208;99;30;193;45;46;130;48;59;171;109;132;105;67;68;87;116;3583
"07/07/2020";82;74;167;142;63;113;37;74;116;75;100;103;153;36;69;69;133;96;35;132;41;46;116;39;56;159;116;99;64;40;49;86;93;2873
"08/07/2020";72;96;184;190;70;111;55;74;97;80;112;134;184;40;68;42;160;78;29;137;42;38;130;81;40;120;98;114;84;71;53;66;102;3052
"09/07/2020";51;79;170;135;42;74;47;69;87;77;93;149;155;46;67;53;149;81;32;137;38;28;116;38;46;139;100;77;55;51;44;86;93;2704
"10/07/2020";67;79;172;166;78;95;46;60;88;79;94;129;143;40;77;58;154;103;38;130;32;36;112;46;58;124;91;92;62;64;57;92;95;2857
"11/07/2020";32;31;79;75;36;53;20;23;49;22;35;58;68;17;29;28;79;39;14;79;22;18;56;27;15;76;74;57;23;41;22;28;38;1363
"12/07/2020";10;14;50;47;10;18;20;18;14;12;34;33;38;11;19;16;55;21;15;45;19;20;21;8;12;30;30;14;10;30;9;14;31;748
"13/07/2020";111;141;240;245;78;166;64;102;127;136;138;158;210;66;87;83;232;159;62;206;39;60;165;43;62;188;148;138;97;81;69;93;142;4136
"14/07/2020";60;86;171;135;78;90;46;80;91;78;100;109;185;49;68;51;151;96;44;129;29;36;150;46;37;135;119;106;92;69;53;58;121;2948
"15/07/2020";68;81;143;119;53;65;38;63;100;72;115;101;129;30;52;55;137;89;18;116;29;35;148;53;44;107;90;94;58;48;62;68;111;2591
"16/07/2020";68;55;154;95;49;78;30;51;67;65;79;79;150;24;25;30;138;67;31;79;32;39;81;25;39;107;115;81;49;26;44;56;70;2178
"17/07/2020";53;49;112;95;37;71;36;73;58;49;58;64;156;28;39;168;96;62;48;106;20;27;73;26;24;89;386;64;46;45;27;44;336;2665
"18/07/2020";46;34;98;77;28;21;28;33;37;35;41;62;82;26;15;17;73;37;13;94;19;19;48;23;21;82;65;54;43;20;18;30;71;1410
"19/07/2020";9;14;35;31;15;19;6;5;14;22;25;32;36;6;11;3;44;20;2;40;5;4;9;6;11;17;19;16;11;10;6;9;14;526
"20/07/2020";66;72;170;120;38;77;37;53;102;58;74;128;148;42;49;32;119;71;36;139;36;46;86;37;42;116;91;93;63;29;53;72;93;2488
"21/07/2020";89;111;244;184;78;114;48;56;139;85;128;116;191;52;81;73;184;102;63;182;34;85;229;84;83;155;112;113;96;76;87;87;130;3691
"22/07/2020";68;90;173;160;63;112;34;51;108;70;105;106;119;33;70;62;173;85;46;138;44;60;143;65;41;88;91;82;55;64;74;75;121;2869
"23/07/2020";68;91;171;155;52;101;40;53;78;88;89;76;159;42;46;55;155;79;29;129;47;39;93;34;62;128;106;78;60;46;54;53;104;2660
"24/07/2020";74;96;146;116;66;90;35;47;95;78;111;107;158;42;47;65;156;90;30;125;49;65;94;46;48;117;102;89;97;44;74;67;83;2749
"25/07/2020";39;30;57;94;32;48;19;27;38;45;36;53;69;16;19;25;67;47;18;65;14;13;39;18;23;56;53;48;25;20;21;28;35;1237
"26/07/2020";14;14;46;39;30;22;7;11;17;20;24;24;31;6;13;15;41;18;11;30;21;13;20;12;11;29;28;12;26;23;14;8;38;688
"27/07/2020";81;104;178;160;89;88;49;63;102;77;146;98;148;41;63;81;207;100;49;135;43;56;124;57;48;140;114;108;89;49;81;96;97;3161
"28/07/2020";87;97;187;139;65;77;24;47;67;83;123;95;140;62;58;57;145;79;37;121;41;55;125;52;54;120;145;87;92;51;72;90;88;2862
"29/07/2020";70;91;144;120;70;81;43;44;104;72;104;92;145;30;54;46;130;85;31;94;45;57;113;47;42;128;105;69;64;54;55;59;90;2578
"30/07/2020";65;96;129;106;58;83;43;48;79;68;126;92;152;54;43;526;145;89;26;111;30;66;104;68;53;127;101;73;86;44;54;60;99;3104
"31/07/2020";62;92;130;107;62;89;38;70;75;57;113;101;138;39;58;394;109;79;15;93;46;49;113;66;34;113;153;62;66;43;41;47;113;2867
"01/08/2020";48;66;66;64;27;40;13;24;46;44;52;49;83;20;22;22;94;39;10;62;15;31;75;26;23;56;68;44;49;29;24;31;45;1407
"02/08/2020";17;15;33;31;16;18;15;16;24;9;27;24;17;10;7;16;46;24;10;22;25;8;21;18;17;16;33;9;21;15;11;10;18;619
"03/08/2020";58;86;178;162;67;117;38;68;86;63;131;109;123;47;66;58;182;104;33;127;23;33;117;49;60;118;101;126;87;57;61;62;86;2883
"04/08/2020";75;97;153;136;67;116;34;54;93;74;98;66;120;52;39;77;137;85;31;113;32;56;140;50;45;83;81;70;84;46;60;58;92;2614
"05/08/2020";65;88;157;143;62;96;22;45;88;51;91;100;97;44;48;54;150;70;37;96;29;51;89;38;51;104;71;72;80;48;51;68;67;2423
"06/08/2020";61;92;157;92;62;82;27;46;90;55;90;93;127;39;39;79;145;83;32;111;56;85;85;40;43;101;77;90;58;53;61;56;103;2510
"07/08/2020";58;84;191;121;66;91;25;49;63;67;99;93;131;34;45;49;129;86;33;128;38;42;114;34;41;123;92;99;82;35;58;52;107;2559
"08/08/2020";21;28;91;65;24;29;17;23;21;25;51;45;67;28;20;27;80;39;9;60;19;30;47;32;26;45;34;48;38;39;11;16;44;1199
"09/08/2020";10;17;30;16;12;13;7;15;26;20;31;29;36;4;12;21;30;22;1;32;19;7;29;16;15;17;26;15;22;13;14;5;22;604
"10/08/2020";86;123;200;156;57;114;44;69;80;73;111;116;169;38;51;71;182;123;37;131;35;56;139;47;59;139;85;108;83;45;61;52;100;3040
"11/08/2020";74;66;153;101;50;100;28;51;92;73;122;107;128;44;49;56;131;75;29;100;39;38;128;36;47;89;84;79;55;31;40;61;89;2445
"12/08/2020";69;85;198;91;63;81;32;36;68;50;84;91;126;39;57;49;135;56;16;136;35;46;107;42;44;82;77;97;68;52;36;54;96;2398
"13/08/2020";68;141;117;80;61;113;31;50;78;40;106;54;98;44;33;48;111;76;13;101;27;57;104;35;41;89;59;82;73;45;46;74;83;2278
"14/08/2020";42;67;120;72;41;90;26;37;69;61;69;62;91;22;37;28;103;58;22;102;24;47;84;30;49;61;66;51;54;35;38;55;54;1867
"15/08/2020";26;48;53;30;14;31;21;22;24;25;31;26;53;16;20;21;69;24;10;63;20;22;40;18;13;52;40;39;48;25;21;16;35;1016
"16/08/2020";9;22;38;21;21;20;5;14;13;10;22;21;31;11;11;4;43;19;8;24;9;15;15;13;15;12;17;8;11;20;10;6;25;543
"17/08/2020";79;103;156;99;45;109;26;64;97;65;143;93;159;41;48;51;133;63;27;125;38;47;111;56;34;131;70;72;67;67;49;59;97;2624
"18/08/2020";48;67;125;81;25;91;22;45;53;48;76;66;97;26;37;43;89;55;19;120;22;32;83;37;31;70;61;52;52;46;40;40;67;1866
"19/08/2020";67;63;103;88;43;94;26;42;71;48;62;64;103;38;47;55;122;59;17;108;40;35;75;44;32;78;65;58;41;36;37;62;55;1978
"20/08/2020";28;36;75;44;29;60;16;25;29;25;61;40;60;18;38;26;54;33;15;47;22;28;38;27;19;44;32;28;39;17;21;31;53;1158
"21/08/2020";42;55;108;64;41;65;17;49;92;42;131;50;94;25;35;59;91;57;16;116;9;36;71;53;35;63;55;64;59;42;30;47;61;1874
"22/08/2020";18;35;60;23;26;23;23;18;48;20;85;31;37;5;24;13;48;20;3;47;22;12;26;29;7;35;27;22;32;18;17;28;32;914
"23/08/2020";13;14;19;10;15;14;7;8;22;13;45;21;20;10;13;12;23;21;1;18;5;9;19;22;9;21;23;14;22;8;16;7;97;591
"24/08/2020";54;75;117;93;48;104;37;51;91;58;95;73;100;41;53;39;105;89;26;117;27;34;79;44;36;92;87;77;56;46;42;59;122;2267
"25/08/2020";50;76;99;67;38;76;35;42;78;35;122;55;109;37;58;32;61;62;14;107;32;26;76;53;33;74;49;50;47;55;39;67;245;2099
"26/08/2020";65;58;153;58;50;58;36;49;72;43;78;48;109;24;47;43;84;82;16;112;20;31;82;51;20;95;61;48;70;33;27;71;97;1991
"27/08/2020";64;97;155;84;34;69;25;48;56;46;90;50;114;28;45;31;86;64;13;96;21;33;62;41;36;93;68;66;63;36;36;55;101;2006
"28/08/2020";39;58;119;83;31;63;33;37;60;42;75;44;81;31;40;52;86;54;15;94;24;45;83;31;38;61;67;59;57;41;39;44;77;1803
"29/08/2020";21;21;61;34;13;34;10;26;19;27;34;36;29;12;12;13;42;20;9;58;11;13;25;15;14;30;27;23;14;16;13;18;22;772
"30/08/2020";12;15;23;30;12;8;3;13;12;11;20;22;21;2;9;11;26;19;8;28;6;12;20;15;5;22;25;11;29;7;12;10;19;498
"31/08/2020";79;54;128;95;66;100;32;60;70;73;86;50;117;29;45;34;92;77;16;121;28;31;96;43;43;88;46;67;56;44;39;70;69;2144
"01/09/2020";54;81;149;95;61;74;29;46;69;38;93;44;80;28;36;44;109;57;14;105;19;39;120;51;45;46;41;57;60;33;34;46;180;2077
"02/09/2020";43;55;118;74;55;80;24;35;55;38;94;65;89;28;43;60;91;43;20;85;27;36;91;55;48;37;43;53;57;37;39;53;357;2128
"03/09/2020";36;60;78;47;46;71;25;35;55;39;86;45;71;20;41;33;68;49;13;91;16;25;93;43;31;37;39;49;46;36;37;68;77;1606
"04/09/2020";42;41;78;57;63;42;21;28;66;35;69;25;79;22;26;38;84;41;12;68;13;36;76;31;28;50;28;41;40;20;37;29;47;1413
"05/09/2020";28;24;25;22;18;24;14;20;15;20;30;14;36;10;13;7;31;21;3;45;10;15;32;12;9;25;22;18;23;27;15;13;30;671
"06/09/2020";13;7;23;13;5;15;1;3;7;10;30;10;16;7;5;5;18;12;3;20;8;8;14;2;8;10;7;6;11;2;6;11;9;325
"07/09/2020";15;21;40;15;18;17;7;12;17;23;30;12;29;9;9;15;24;17;4;36;10;14;37;16;15;14;20;23;10;22;13;18;24;606
"08/09/2020";74;73;109;79;77;70;30;41;74;43;97;36;100;41;36;37;103;78;16;120;29;36;100;44;41;70;40;57;56;27;42;57;58;1991
"09/09/2020";51;36;73;48;35;51;20;37;52;38;55;53;103;30;37;43;67;58;6;95;24;37;81;45;22;58;47;46;45;30;38;38;48;1547
"10/09/2020";51;42;88;47;41;42;20;32;58;41;64;34;90;11;35;29;56;70;9;110;38;22;72;39;27;55;43;45;35;34;37;62;60;1539
"11/09/2020";45;47;70;46;27;56;15;34;38;21;76;37;69;19;27;36;56;48;5;80;7;29;61;28;28;30;46;31;56;32;27;31;54;1312
"12/09/2020";21;15;27;21;9;21;8;14;12;16;17;8;16;4;14;9;16;9;3;40;4;13;25;15;10;29;25;23;12;11;22;9;15;513
"13/09/2020";7;11;16;22;9;17;5;9;3;10;9;7;12;-;5;10;13;11;-;20;13;7;20;3;3;15;7;7;13;5;7;6;18;320
"14/09/2020";67;42;115;53;46;61;21;50;49;42;103;34;92;31;47;34;78;68;9;98;24;44;64;25;33;45;52;46;65;29;49;36;57;1709
"15/09/2020";49;44;75;40;33;52;21;48;50;32;58;30;55;20;30;37;44;32;5;64;15;27;67;21;18;52;50;44;35;26;18;31;60;1283
"16/09/2020";34;46;66;50;29;43;20;20;46;33;53;22;58;25;35;33;48;40;2;64;11;37;60;27;25;46;39;27;37;23;29;35;49;1212
"17/09/2020";30;43;86;48;24;50;17;27;43;26;68;31;61;19;36;38;54;44;8;69;14;34;60;21;22;32;32;41;45;32;43;43;61;1302
"18/09/2020";36;51;96;47;18;42;19;22;35;18;56;27;51;31;21;39;53;46;6;50;20;52;59;35;15;43;37;30;47;21;37;39;51;1250
"19/09/2020";16;15;18;16;7;20;4;14;10;6;25;8;23;8;6;9;24;8;3;28;4;7;21;14;10;17;12;16;13;8;9;7;18;424
"20/09/2020";5;8;26;16;11;11;3;6;16;8;17;10;11;4;8;11;17;14;1;17;8;3;11;16;15;10;10;8;24;16;12;8;42;403
"21/09/2020";54;60;99;59;27;56;29;40;69;37;72;52;58;32;42;32;86;55;10;89;13;44;51;41;35;59;49;32;57;37;55;39;67;1637
"22/09/2020";38;45;72;33;32;42;25;36;41;27;55;37;64;13;41;27;49;56;5;57;8;33;55;31;25;60;20;37;37;21;31;32;43;1228
"23/09/2020";38;49;61;37;38;24;15;33;47;26;45;26;77;22;38;33;67;49;9;44;15;86;52;40;20;51;27;27;38;33;36;28;59;1290
"24/09/2020";38;48;69;32;29;31;29;32;31;24;63;31;63;26;36;32;41;52;15;64;17;66;51;18;25;40;44;37;47;16;26;43;55;1271
"25/09/2020";42;58;64;28;28;20;18;32;38;32;51;37;66;21;21;28;41;43;2;69;17;24;55;22;17;43;46;29;36;15;27;27;36;1133
"26/09/2020";13;9;26;19;4;19;9;8;17;9;32;16;13;5;9;13;17;17;3;27;2;9;20;5;8;11;12;13;9;5;10;7;23;419
"27/09/2020";3;14;22;10;6;5;3;4;10;10;10;5;9;5;11;4;8;10;1;16;8;5;5;8;7;12;10;2;7;11;5;3;19;268
"28/09/2020";66;44;75;52;38;37;14;35;56;24;64;44;98;24;30;38;95;51;5;61;17;47;75;44;42;49;48;50;57;27;49;42;80;1578
"29/09/2020";32;39;49;29;33;44;12;28;44;36;44;46;66;27;40;32;67;40;15;62;10;27;63;30;13;36;43;33;41;29;27;35;87;1259
"30/09/2020";39;42;60;39;29;28;7;29;38;29;60;41;60;17;20;34;70;55;3;68;18;49;46;37;33;37;52;17;42;24;38;30;62;1253
"01/10/2020";31;40;64;32;35;25;19;20;19;36;42;28;67;14;10;21;47;36;2;46;12;21;42;18;29;31;27;30;37;23;25;17;57;1003
"02/10/2020";37;49;54;36;25;20;10;18;24;38;64;34;56;23;11;41;49;45;2;56;14;27;41;22;25;29;56;27;45;17;71;33;88;1187
"03/10/2020";9;15;28;15;8;8;5;9;9;7;26;18;24;3;5;14;16;8;3;29;8;6;20;21;9;16;33;3;7;7;14;14;86;503
"04/10/2020";5;3;19;11;6;7;3;2;3;7;21;7;6;8;2;5;7;7;1;17;4;5;8;7;6;9;9;3;7;7;4;2;17;235
"05/10/2020";53;44;95;45;21;38;18;24;38;19;65;36;87;17;24;38;48;53;4;78;5;22;71;28;21;58;28;31;49;27;26;43;59;1313
"06/10/2020";38;50;64;42;24;22;31;27;30;20;70;23;55;17;18;25;67;35;5;72;10;19;52;22;39;23;31;26;36;20;40;25;35;1113
"07/10/2020";48;39;72;41;15;25;12;30;34;39;49;23;60;12;35;37;81;48;4;62;6;38;63;18;26;23;21;32;50;21;19;37;44;1164
"08/10/2020";57;48;76;42;23;19;18;26;31;16;67;22;34;15;14;24;36;52;4;63;13;39;38;24;18;28;55;20;33;9;40;35;38;1077
"09/10/2020";37;45;103;26;38;15;18;27;97;40;78;42;60;15;20;31;60;47;7;76;23;40;51;28;21;48;58;28;46;29;34;35;70;1393
"10/10/2020";16;34;42;18;26;15;11;20;64;9;25;14;35;6;11;55;25;20;8;32;22;28;38;49;13;21;36;12;23;16;20;4;39;807
"11/10/2020";5;13;11;21;6;3;4;5;17;2;20;4;2;10;2;42;11;5;1;7;8;15;22;4;3;6;9;5;19;8;6;2;12;310
"12/10/2020";9;15;27;9;6;5;6;7;6;9;32;5;25;7;5;4;12;8;-;26;4;8;14;5;4;15;7;8;11;11;4;10;14;338
"13/10/2020";47;58;116;55;36;30;25;24;47;54;99;21;57;30;26;31;82;52;9;97;11;43;65;22;34;82;28;81;41;21;49;41;74;1588
"14/10/2020";46;55;117;69;32;35;33;30;68;64;86;92;75;30;24;49;80;35;9;71;14;48;79;105;34;57;63;37;45;31;47;35;85;1780
"15/10/2020";43;59;85;108;26;22;13;42;41;26;70;39;47;21;18;52;75;27;9;65;24;31;69;17;25;29;33;34;29;18;29;33;64;1323
"16/10/2020";44;58;125;62;29;29;17;28;46;34;76;55;53;24;18;49;64;47;12;71;12;36;49;17;22;29;58;48;38;13;39;25;78;1405
"17/10/2020";23;100;40;38;10;67;9;10;44;13;33;22;15;7;9;26;18;16;22;38;7;13;27;6;13;37;43;26;17;13;14;12;67;855
"18/10/2020";6;44;10;8;5;1;5;5;4;4;23;14;13;1;4;10;8;17;2;11;4;13;8;-;6;10;11;3;25;7;8;7;24;321
"19/10/2020";56;59;105;65;26;67;17;10;64;27;84;40;67;16;20;46;103;40;5;64;32;38;96;26;20;28;25;63;62;31;61;54;75;1592
"20/10/2020";43;60;119;65;28;67;14;27;60;34;84;52;32;21;22;35;119;26;8;60;25;36;102;25;27;43;34;26;66;27;30;44;104;1565
"21/10/2020";41;37;105;57;35;33;11;21;74;13;58;26;64;11;28;52;74;38;7;64;12;35;82;19;20;45;27;33;40;34;32;28;92;1348
"22/10/2020";74;47;97;66;26;39;6;22;72;18;78;74;54;23;31;52;71;40;5;70;26;40;131;29;34;51;57;39;39;36;50;39;91;1627
"23/10/2020";60;71;114;65;26;39;13;25;72;20;141;54;59;35;26;46;67;56;15;68;18;38;81;23;37;39;34;34;65;24;65;36;83;1649
"24/10/2020";20;15;33;22;4;13;7;8;19;5;23;15;15;6;5;14;23;13;3;24;11;15;31;11;12;17;21;11;13;9;22;5;31;496
"25/10/2020";5;11;23;6;7;6;3;4;8;1;12;10;7;1;6;7;14;8;1;15;3;6;21;6;18;11;10;1;6;5;2;4;13;261
"26/10/2020";51;66;184;60;20;57;11;23;90;39;114;48;60;25;32;51;89;48;21;80;29;57;135;24;36;63;34;56;47;35;37;32;103;1857
"27/10/2020";47;53;140;107;29;46;12;17;68;31;95;30;70;33;29;44;100;37;16;67;14;34;106;20;28;44;38;36;34;20;46;31;97;1619
"28/10/2020";42;58;91;88;24;39;18;24;60;19;102;39;43;16;26;37;100;38;24;58;21;41;92;27;29;62;24;42;41;26;39;39;99;1528
"29/10/2020";39;46;120;64;29;23;19;14;56;18;109;35;45;18;24;40;71;45;11;76;14;56;74;21;38;31;33;35;51;45;37;21;68;1426
"30/10/2020";31;50;61;32;13;10;4;20;18;13;75;11;50;17;6;38;27;34;8;47;10;36;42;23;21;25;23;26;26;16;47;25;34;919
"31/10/2020";17;12;38;9;7;8;3;2;15;12;29;8;16;11;4;4;16;12;8;31;6;14;22;7;8;12;5;11;6;6;12;3;31;405
"01/11/2020";11;6;18;12;6;7;1;2;8;2;20;6;5;1;9;5;10;5;4;19;3;11;10;5;10;10;5;7;8;7;7;1;32;273
"02/11/2020";14;22;35;13;5;17;2;11;23;5;35;7;20;6;5;5;32;12;3;23;7;9;20;8;15;9;16;15;12;8;17;7;30;468
"03/11/2020";40;80;92;60;33;49;29;28;60;34;100;34;56;21;21;38;70;41;16;75;15;38;71;30;30;28;41;37;36;26;56;29;153;1567
"04/11/2020";28;31;59;56;31;43;10;15;28;16;96;18;34;16;23;39;30;26;7;47;11;43;51;28;39;44;20;37;35;12;36;29;144;1182
"05/11/2020";1;12;8;12;1;7;1;1;4;3;24;1;13;10;4;5;10;3;2;4;3;17;12;5;12;8;2;6;10;-;13;1;1886;2101
"06/11/2020";3;2;15;3;5;3;1;3;4;3;3;3;8;2;-;3;4;3;2;7;1;3;5;3;12;3;7;1;11;1;5;5;1546;1680
"07/11/2020";3;1;7;4;1;7;-;2;3;1;4;1;1;9;1;2;8;-;2;3;-;4;3;1;9;2;1;-;1;-;10;-;476;567
"08/11/2020";1;1;2;5;1;2;2;-;5;1;4;1;8;2;1;-;1;1;-;1;1;4;1;-;6;2;1;-;-;-;7;-;261;322
"09/11/2020";4;3;11;14;1;5;2;2;7;2;14;7;5;2;3;1;9;5;1;12;2;6;8;1;10;4;3;1;7;5;10;7;1853;2027
"10/11/2020";38;104;89;90;33;40;15;28;81;28;101;49;71;18;30;43;93;64;13;94;13;76;88;50;52;44;52;56;73;47;71;41;126;1911
"11/11/2020";69;73;92;48;46;53;21;33;65;22;120;29;59;32;49;49;82;69;14;94;18;70;97;42;51;61;32;48;66;40;70;51;50;1815
"12/11/2020";58;112;160;63;39;45;16;23;69;22;128;34;81;35;35;76;85;67;21;76;13;85;103;44;55;47;37;54;89;55;80;53;86;2046
"13/11/2020";55;90;125;65;66;43;9;34;51;33;128;36;51;27;40;51;84;52;5;87;15;71;112;56;61;46;28;57;81;49;64;55;58;1885
"14/11/2020";37;46;55;18;19;9;7;13;27;12;58;15;35;13;5;23;36;20;4;32;5;23;46;18;23;21;16;17;25;5;47;16;17;763
"15/11/2020";6;13;12;11;13;7;-;3;13;5;39;8;10;4;3;16;9;11;4;10;5;18;28;7;14;5;3;14;11;3;24;8;14;351
"16/11/2020";85;89;153;94;64;72;31;37;110;66;179;62;95;39;49;64;103;99;6;128;25;85;124;68;58;115;69;71;86;35;101;90;91;2643
"17/11/2020";95;114;147;72;57;43;29;37;82;51;203;46;82;39;31;63;85;80;27;110;31;75;147;42;71;74;66;64;77;50;71;63;61;2385
"18/11/2020";91;97;145;77;54;56;26;50;88;45;142;58;123;53;47;71;94;94;17;114;22;58;150;66;75;63;55;68;87;33;82;50;105;2456
"19/11/2020";102;121;126;97;48;52;37;63;90;64;166;57;114;55;42;99;69;116;16;165;26;85;127;50;83;68;49;63;89;51;113;75;97;2675
"20/11/2020";56;81;120;105;47;75;18;43;76;37;135;36;59;28;31;69;74;67;18;78;28;63;136;35;57;53;40;50;72;31;71;65;87;2041
"21/11/2020";32;37;42;29;12;28;9;16;19;19;52;16;38;8;6;21;23;33;4;67;8;17;75;11;35;47;18;29;30;26;17;17;39;880
"22/11/2020";7;24;27;35;3;17;4;5;9;14;37;13;17;5;6;10;13;10;3;15;2;15;16;11;18;15;8;11;15;14;20;4;27;450
"23/11/2020";78;109;154;79;40;71;39;47;97;43;174;60;119;44;43;46;106;84;9;113;13;57;134;36;73;58;39;77;65;39;85;95;87;2413
"24/11/2020";62;140;145;85;41;55;27;49;86;44;172;35;110;46;29;64;110;66;13;119;16;81;99;37;61;63;56;80;111;63;69;60;90;2384
"25/11/2020";47;78;111;56;26;49;14;32;56;32;140;30;77;31;26;50;67;40;9;77;6;43;66;18;27;44;47;55;45;20;49;53;71;1592
"26/11/2020";105;139;141;73;55;53;28;59;98;63;187;60;124;29;39;120;110;103;10;129;18;102;116;52;65;96;70;74;87;52;72;82;93;2704
"27/11/2020";91;120;132;74;41;63;19;28;87;48;165;56;130;53;23;77;75;98;25;117;11;92;78;39;46;81;70;63;92;32;85;93;75;2379
"28/11/2020";28;37;47;30;19;22;4;19;33;10;85;9;45;12;17;36;41;24;3;61;5;23;24;12;18;32;31;36;40;17;43;35;16;914
"29/11/2020";11;22;20;16;13;8;2;8;8;8;44;6;24;4;5;9;4;17;3;25;2;14;13;5;13;9;8;8;11;7;14;14;19;394
"30/11/2020";95;151;190;96;62;66;22;60;123;72;199;58;140;65;51;51;105;85;18;124;16;81;71;62;72;85;60;88;102;49;89;97;99;2804
"01/12/2020";64;85;145;99;24;51;18;33;99;68;152;46;97;60;43;61;92;70;15;102;11;59;98;22;66;62;38;86;56;37;75;89;130;2253
"02/12/2020";72;104;119;47;46;40;12;49;90;19;158;46;94;31;21;66;74;64;24;81;14;86;83;46;56;47;40;66;77;27;64;76;90;2029
"03/12/2020";73;80;107;59;45;64;19;44;86;36;155;41;116;48;41;94;64;58;28;112;15;75;98;39;81;73;51;57;94;34;100;81;171;2339
"04/12/2020";57;124;125;57;22;46;23;40;87;44;131;30;131;36;35;63;91;83;18;104;10;67;86;38;51;52;43;46;118;31;68;55;176;2188
"05/12/2020";25;27;35;24;11;30;2;14;23;12;41;4;30;31;17;22;30;22;8;53;5;35;26;30;20;13;24;20;47;7;27;20;74;809
"06/12/2020";8;5;13;19;7;18;2;5;11;6;41;6;17;14;2;9;2;10;2;24;-;6;12;11;6;17;11;8;9;3;12;4;22;342
"07/12/2020";70;98;147;91;42;67;23;60;85;32;142;36;117;59;42;64;91;67;23;106;13;74;92;32;72;66;53;65;94;34;88;75;154;2374
"08/12/2020";73;104;129;67;42;40;22;42;76;38;142;43;104;56;37;59;87;52;14;81;14;63;73;48;58;59;37;65;95;33;61;75;182;2171
"09/12/2020";57;82;103;73;37;46;34;33;78;34;143;46;107;64;30;56;79;66;17;58;12;67;40;44;57;39;51;59;72;40;68;58;184;2034
"10/12/2020";45;103;104;65;39;51;24;38;72;33;171;36;93;45;33;41;66;67;11;95;7;54;86;25;49;62;45;59;70;29;80;64;113;1975
"11/12/2020";62;89;86;73;29;43;21;39;55;21;123;36;120;44;29;57;50;67;23;82;6;66;38;37;47;38;39;40;75;29;61;57;90;1772
"12/12/2020";18;10;26;27;3;15;5;14;8;10;50;4;17;21;5;14;18;6;4;26;3;9;13;6;14;22;11;20;5;6;19;15;23;467
"13/12/2020";16;16;20;8;4;2;5;4;9;15;57;12;21;9;5;3;12;23;8;43;-;14;17;23;8;16;10;10;20;5;27;6;30;478
"14/12/2020";41;58;84;67;29;28;18;29;46;31;96;26;62;17;27;39;62;49;19;65;5;53;41;18;41;37;31;34;48;10;41;47;75;1374
"15/12/2020";63;134;148;102;33;39;52;55;102;51;168;51;141;46;56;90;96;81;12;122;10;66;112;46;86;78;80;76;112;38;104;63;129;2642
"16/12/2020";58;79;122;72;39;52;30;45;55;34;161;48;101;32;36;62;73;83;9;99;12;69;54;87;66;49;46;44;104;41;98;70;111;2141
"17/12/2020";69;64;133;70;25;31;35;42;45;31;125;45;120;37;44;49;70;68;12;70;6;48;65;40;41;52;39;45;74;51;73;62;108;1889
"18/12/2020";58;78;113;67;34;33;26;32;43;28;181;43;96;28;47;55;69;77;18;73;12;94;87;65;57;71;48;45;80;35;66;70;119;2048
"19/12/2020";41;28;43;30;11;7;6;14;26;17;49;6;51;12;16;25;35;48;7;51;6;20;58;26;18;20;16;22;35;11;28;29;49;861
"20/12/2020";7;29;33;18;13;8;-;4;12;2;43;5;13;8;11;11;15;15;4;17;4;22;9;18;11;7;8;7;17;7;14;12;30;434
"21/12/2020";66;100;139;80;42;82;30;33;82;48;151;35;97;34;48;69;105;76;21;75;13;66;151;47;66;48;46;54;82;37;99;86;121;2329
"22/12/2020";51;74;116;64;55;72;17;30;94;38;107;41;125;42;62;73;73;63;19;58;10;68;125;52;60;75;30;53;103;59;72;60;149;2190
"23/12/2020";47;77;103;59;46;58;18;28;85;23;155;37;116;32;59;65;97;71;13;74;19;52;125;71;59;45;45;47;108;41;77;81;120;2153
"24/12/2020";54;45;43;28;21;26;5;11;36;13;58;20;42;14;25;43;50;55;5;59;14;53;55;51;38;41;18;25;40;29;33;33;55;1138
"25/12/2020";20;23;40;16;16;14;1;16;16;7;33;4;15;6;25;13;18;33;9;27;7;24;30;20;31;9;19;7;23;31;11;9;31;604
"26/12/2020";35;60;59;35;27;33;3;18;31;9;75;20;35;13;24;29;37;28;13;43;9;28;60;31;32;32;21;24;30;25;24;27;65;1035
"27/12/2020";14;20;28;28;25;24;1;37;13;13;40;16;12;6;14;20;15;21;9;16;10;20;22;17;34;15;13;9;30;12;17;15;26;612
"28/12/2020";88;144;225;141;67;154;25;71;124;35;166;67;139;63;73;108;166;96;36;118;15;95;177;57;102;76;64;108;130;49;125;72;167;3343
"29/12/2020";86;116;163;138;73;93;41;51;98;54;178;57;157;45;45;86;158;86;26;140;17;87;193;50;95;66;55;84;71;60;103;99;124;2995
"30/12/2020";93;80;159;91;66;43;17;39;77;32;159;52;122;42;52;69;129;82;16;125;17;72;143;80;65;51;47;62;96;56;70;78;133;2515
"31/12/2020";39;61;58;43;13;27;3;20;26;18;87;10;57;17;34;53;72;39;7;48;4;39;80;31;41;25;24;27;34;34;51;28;50;1200
"01/01/2021";15;26;37;40;11;15;1;30;22;11;40;15;15;15;30;12;32;22;6;37;7;20;30;13;15;18;20;15;19;12;23;18;52;694
"02/01/2021";24;38;70;49;13;16;11;28;32;28;34;16;67;10;10;20;78;44;4;65;13;23;59;22;24;24;35;24;40;28;25;31;48;1053
"03/01/2021";24;31;56;39;16;8;2;8;25;6;59;4;27;6;6;19;28;23;6;35;13;27;32;19;18;17;12;16;38;15;19;21;46;721
"04/01/2021";103;125;236;163;47;61;40;67;123;66;187;98;167;47;49;84;200;80;32;126;35;89;192;36;75;75;93;118;141;34;118;110;192;3409
"05/01/2021";102;132;246;173;46;56;28;54;128;49;168;63;168;49;59;82;187;112;20;143;45;81;145;72;66;74;72;82;99;47;99;73;189;3209
"06/01/2021";88;135;233;130;50;46;44;69;117;46;176;60;181;47;54;101;168;105;26;111;27;88;148;82;63;88;84;102;88;37;81;70;210;3155
"07/01/2021";76;126;179;133;47;65;46;63;104;45;199;49;175;44;49;75;162;114;23;130;30;97;152;47;82;69;67;92;136;31;113;83;217;3120
"08/01/2021";76;111;152;159;53;38;38;39;99;59;164;54;175;32;48;65;161;94;22;113;33;79;166;48;93;86;78;83;105;33;92;59;229;2936
"09/01/2021";60;88;73;83;22;14;5;14;48;33;55;17;75;12;27;68;60;34;14;53;24;23;100;33;34;30;33;51;34;7;39;19;126;1408
"10/01/2021";19;42;51;40;15;9;2;7;33;14;45;15;20;11;24;27;46;45;10;32;34;18;30;24;24;21;10;24;26;14;28;19;83;862
"11/01/2021";89;122;170;143;45;37;32;48;126;75;139;80;151;45;72;91;190;74;28;136;56;81;177;44;82;86;65;108;95;42;89;75;179;3072
"12/01/2021";89;126;224;146;90;74;42;45;128;42;145;70;180;48;62;131;153;76;22;136;44;87;187;48;100;75;64;67;123;39;100;81;199;3243
"13/01/2021";66;97;160;105;46;45;35;53;93;45;104;67;148;40;54;97;143;61;15;97;26;54;152;52;89;64;63;71;101;28;112;55;171;2609
"14/01/2021";62;101;159;113;69;65;25;36;94;47;126;58;109;69;53;102;141;92;25;114;45;96;160;65;76;66;52;75;100;30;86;79;152;2742
"15/01/2021";56;92;120;94;58;50;22;38;83;41;92;47;127;54;37;91;121;80;13;105;24;61;144;55;69;55;44;54;87;39;78;47;205;2383
"16/01/2021";36;42;56;32;13;15;9;11;25;9;46;10;29;15;20;30;53;21;10;50;21;34;68;21;39;29;18;17;59;15;46;21;76;996
"17/01/2021";8;18;55;32;12;13;5;17;7;18;22;19;33;8;7;16;14;19;3;9;16;10;28;11;13;14;11;9;38;22;19;12;31;569
"18/01/2021";63;91;188;96;58;51;25;56;84;43;125;46;112;64;33;105;131;82;13;127;32;94;160;47;88;50;62;57;111;26;119;68;201;2708
"19/01/2021";110;91;140;84;54;72;20;33;75;36;101;44;140;55;39;95;114;114;19;119;38;122;139;50;60;61;53;50;109;21;88;66;173;2585
"20/01/2021";67;59;106;73;54;41;22;25;69;35;108;39;71;49;40;82;88;71;9;71;25;53;122;74;47;38;41;50;93;30;60;58;134;2004
"21/01/2021";57;51;96;45;28;35;23;7;38;39;75;30;71;34;20;50;74;36;10;42;21;52;113;25;36;46;32;27;66;12;52;47;127;1517
"22/01/2021";61;68;136;66;32;39;13;51;60;23;85;29;73;52;25;106;137;63;11;76;29;56;116;62;61;43;40;56;88;28;86;58;150;2079
"23/01/2021";17;22;36;24;10;11;4;14;10;9;45;7;38;16;16;21;40;28;8;23;6;32;41;24;18;16;16;12;55;12;34;18;64;747
"24/01/2021";12;47;37;36;6;12;8;7;7;10;23;7;10;5;7;10;12;27;6;25;8;13;17;22;15;30;6;10;42;13;11;21;42;564
"25/01/2021";36;59;80;38;12;15;7;12;23;14;50;21;28;17;31;36;52;68;7;33;5;23;51;40;30;20;27;27;45;23;37;31;86;1084
"26/01/2021";40;90;115;75;59;75;22;23;53;21;133;31;52;87;54;54;144;64;20;69;14;60;123;100;68;41;33;47;96;28;82;59;155;2187
"27/01/2021";39;90;86;60;54;59;9;23;57;18;135;29;70;86;51;85;94;80;14;63;13;69;128;73;76;68;36;47;85;33;79;72;179;2160
"28/01/2021";60;79;79;74;48;57;6;9;48;15;106;33;41;104;35;66;99;61;9;53;23;70;109;67;71;49;37;38;84;25;75;61;98;1889
"29/01/2021";25;49;68;39;27;35;7;8;33;14;95;22;27;49;33;58;61;48;5;36;8;56;96;42;53;25;13;30;60;22;55;61;81;1341
"30/01/2021";16;20;25;13;7;4;1;4;17;6;30;4;15;6;7;17;28;17;3;31;1;15;22;22;11;10;5;16;20;6;14;18;38;469
"31/01/2021";34;23;37;10;8;3;4;5;12;5;24;8;23;5;1;23;30;26;-;15;5;30;23;20;11;25;7;21;13;8;24;12;20;515
"01/02/2021";51;55;82;53;28;71;16;14;37;17;126;21;48;93;10;79;65;92;9;59;8;60;68;41;63;42;13;29;55;20;84;69;94;1672
"02/02/2021";38;61;68;39;36;60;4;25;34;15;80;13;51;60;26;70;40;58;5;63;7;71;53;57;65;25;15;16;72;31;71;42;92;1463
"03/02/2021";31;56;47;18;35;37;3;10;47;12;72;23;48;31;14;117;61;74;8;48;15;62;81;52;54;32;16;16;89;16;55;36;135;1451
"04/02/2021";25;33;36;30;12;18;3;12;34;16;49;9;33;20;9;65;38;59;5;48;10;46;61;34;41;23;13;6;52;13;47;42;99;1041
"05/02/2021";44;51;29;28;27;23;12;20;35;10;44;17;44;21;8;75;42;55;1;48;9;41;50;25;26;23;20;10;83;15;51;36;94;1117
"06/02/2021";6;51;31;10;9;7;-;10;13;5;17;8;20;5;6;9;15;19;1;12;-;18;16;10;16;9;12;5;38;19;18;11;55;481
"07/02/2021";12;27;14;11;11;4;4;6;10;9;6;7;9;2;12;6;2;16;-;21;3;11;17;22;13;7;7;10;29;4;13;10;28;363
"08/02/2021";11;74;52;46;33;27;4;11;29;14;54;14;28;26;17;72;34;35;3;31;4;80;31;24;41;19;16;15;87;23;61;10;132;1158
"09/02/2021";1;4;1;-;1;-;-;-;2;1;1;-;-;-;-;-;1;1;-;-;-;9;3;-;-;-;-;-;5;-;1;-;5;36